{
"h_samples" : 
[
160,
170,
180,
190,
200,
210,
220,
230,
240,
250,
260,
270,
280,
290,
300,
310,
320,
330,
340,
350,
360,
370,
380,
390,
400,
410,
420,
430,
440,
450,
460,
470,
480,
490,
500,
510,
520,
530,
540,
550,
560,
570,
580,
590,
600,
610,
620,
630,
640,
650,
660,
670,
680,
690,
700,
710
],
"lanes" : 
[
[
-2,
-2,
-2,
-2,
-2,
-2,
-2,
-2,
554.1075439453125,
545.7716064453125,
530.9447021484375,
511.111328125,
487.43841552734375,
460.84832763671875,
432.072509765625,
401.6932373046875,
370.175048828125,
337.88925170898438,
305.13290405273438,
272.1436767578125,
239.11148071289063,
206.18775939941406,
173.49288940429688,
141.12196350097656,
109.14964294433594,
77.633773803710938,
46.618789672851563,
16.137771606445313,
-2,
-2,
-2,
-2,
-2,
-2,
-2,
-2,
-2,
-2,
-2,
-2,
-2,
-2,
-2,
-2,
-2,
-2,
-2,
-2,
-2,
-2,
-2,
-2,
-2,
-2,
-2,
-2
],
[
-2,
-2,
-2,
-2,
-2,
-2,
-2,
-2,
645.1890869140625,
634.3287353515625,
623.4683837890625,
612.60797119140625,
601.74755859375,
590.88720703125,
580.02679443359375,
569.1663818359375,
558.3060302734375,
547.44561767578125,
536.58526611328125,
525.724853515625,
514.864501953125,
504.00408935546875,
493.1436767578125,
482.28329467773438,
471.42291259765625,
460.56253051757813,
449.7021484375,
438.84176635742188,
427.98138427734375,
417.1209716796875,
406.26058959960938,
395.40020751953125,
384.53982543945313,
373.679443359375,
362.81906127929688,
351.95864868164063,
341.0982666015625,
330.23788452148438,
319.37750244140625,
308.51712036132813,
297.65673828125,
286.79632568359375,
275.93594360351563,
265.0755615234375,
254.21517944335938,
243.35478210449219,
232.49441528320313,
221.63401794433594,
210.77362060546875,
199.91325378417969,
189.0528564453125,
178.19247436523438,
167.33207702636719,
156.47169494628906,
145.61131286621094,
134.75091552734375
],
[
-2,
-2,
-2,
-2,
-2,
-2,
-2,
-2,
652.3968505859375,
664.10223388671875,
675.8076171875,
687.51300048828125,
699.2183837890625,
710.9237060546875,
722.629150390625,
734.33447265625,
746.0399169921875,
757.7452392578125,
769.45068359375,
781.156005859375,
792.86138916015625,
804.5667724609375,
816.27215576171875,
827.9775390625,
839.68292236328125,
851.3883056640625,
863.09368896484375,
874.799072265625,
886.50445556640625,
898.2098388671875,
909.91522216796875,
921.62060546875,
933.32598876953125,
945.0313720703125,
956.73675537109375,
968.442138671875,
980.14752197265625,
991.8529052734375,
1003.5582885742188,
1015.263671875,
1026.968994140625,
1038.6744384765625,
1050.3797607421875,
1062.085205078125,
1073.79052734375,
1085.4959716796875,
1097.2012939453125,
1108.90673828125,
1120.612060546875,
1132.3175048828125,
1144.0228271484375,
1155.728271484375,
1167.43359375,
1179.1390380859375,
1190.8443603515625,
1202.5498046875
],
[
-2,
-2,
-2,
-2,
-2,
-2,
-2,
-2,
663.0367431640625,
696.2529296875,
729.4691162109375,
762.685302734375,
795.9014892578125,
829.11767578125,
862.3338623046875,
895.550048828125,
928.7662353515625,
961.982421875,
995.1986083984375,
1028.414794921875,
1061.6309814453125,
1094.84716796875,
1128.0633544921875,
1161.279541015625,
1194.4957275390625,
1227.7119140625,
1260.927978515625,
-2,
-2,
-2,
-2,
-2,
-2,
-2,
-2,
-2,
-2,
-2,
-2,
-2,
-2,
-2,
-2,
-2,
-2,
-2,
-2,
-2,
-2,
-2,
-2,
-2,
-2,
-2,
-2,
-2
]
],
"raw_file" : "clips/0601/1494452415578787519/20.jpg",
"run_time" : 35.0
}
